/*
 Navicat Premium Data Transfer

 Source Server         : 26
 Source Server Type    : MySQL
 Source Server Version : 50562
 Source Host           : 47.92.194.26:3306
 Source Schema         : trucks_order

 Target Server Type    : MySQL
 Target Server Version : 50562
 File Encoding         : 65001

 Date: 22/10/2019 19:16:14
*/

SET NAMES utf8mb4;
SET FOREIGN_KEY_CHECKS = 0;

-- ----------------------------
-- Table structure for customer
-- ----------------------------
DROP TABLE IF EXISTS `customer`;
CREATE TABLE `customer`  (
  `id` int(11) UNSIGNED ZEROFILL NOT NULL,
  `first_name` varchar(255) CHARACTER SET latin1 COLLATE latin1_swedish_ci DEFAULT NULL,
  `last_name` varchar(255) CHARACTER SET latin1 COLLATE latin1_swedish_ci DEFAULT NULL,
  PRIMARY KEY (`id`) USING BTREE
) ENGINE = InnoDB CHARACTER SET = latin1 COLLATE = latin1_swedish_ci ROW_FORMAT = Compact;

-- ----------------------------
-- Records of customer
-- ----------------------------
INSERT INTO `customer` VALUES (00000000000, '1', '1');

-- ----------------------------
-- Table structure for driver_info
-- ----------------------------
DROP TABLE IF EXISTS `driver_info`;
CREATE TABLE `driver_info`  (
  `driver_id` int(11) NOT NULL AUTO_INCREMENT,
  `driver_name` varchar(255) CHARACTER SET utf8 COLLATE utf8_general_ci NOT NULL,
  `driver_sex` int(255) NOT NULL COMMENT '1为男，2为女',
  `driver_age` int(255) NOT NULL,
  `idcard_img_path` varchar(255) CHARACTER SET utf8 COLLATE utf8_general_ci NOT NULL COMMENT '身份证图片路径',
  `driver_qual_img_path` varchar(255) CHARACTER SET utf8 COLLATE utf8_general_ci NOT NULL COMMENT '从业资格证图片路径',
  `car_qual_img_path` varchar(255) CHARACTER SET utf8 COLLATE utf8_general_ci NOT NULL COMMENT '车辆营运许可证图片路径',
  `car_insurance_img_path` varchar(255) CHARACTER SET utf8 COLLATE utf8_general_ci NOT NULL COMMENT '车辆保险照片路径',
  `car_license_img_path` varchar(255) CHARACTER SET utf8 COLLATE utf8_general_ci NOT NULL COMMENT '车辆行驶证图片路径',
  `password` varchar(255) CHARACTER SET utf8 COLLATE utf8_general_ci NOT NULL,
  PRIMARY KEY (`driver_id`) USING BTREE
) ENGINE = InnoDB AUTO_INCREMENT = 11 CHARACTER SET = utf8 COLLATE = utf8_general_ci ROW_FORMAT = Compact;

-- ----------------------------
-- Records of driver_info
-- ----------------------------
INSERT INTO `driver_info` VALUES (7, '张聪', 2, 23, 'D:\\trucks_order_img\\20190504200222.jpg', 'D:\\trucks_order_img\\20190504200231.jpg', 'D:\\trucks_order_img\\20190504200330.jpg', 'D:\\trucks_order_img\\20190504200324.jpg', 'D:\\trucks_order_img\\20190504200247.jpg', 'qaz123456');
INSERT INTO `driver_info` VALUES (8, '韩欢迎', 1, 20, 'D:\\trucks_order_img\\20190515181415.jpg', 'D:\\trucks_order_img\\20190515181431.jpg', 'D:\\trucks_order_img\\20190515181440.jpg', 'D:\\trucks_order_img\\20190515181450.jpg', 'D:\\trucks_order_img\\20190515181511.jpg', 'keda123');
INSERT INTO `driver_info` VALUES (9, '冯浩', 1, 20, 'D:\\trucks_order_img\\20190518110618.jpg', 'D:\\trucks_order_img\\20190518110626.jpg', 'D:\\trucks_order_img\\20190518110632.jpg', 'D:\\trucks_order_img\\20190518110639.jpg', 'D:\\trucks_order_img\\20190518110645.jpg', 'qaz123456');
INSERT INTO `driver_info` VALUES (10, '张莹莹', 2, 20, 'D:\\trucks_order_img\\20190518153602.jpg', 'D:\\trucks_order_img\\20190518153613.jpg', 'D:\\trucks_order_img\\20190518153621.jpg', 'D:\\trucks_order_img\\20190518153630.jpg', 'D:\\trucks_order_img\\20190518153637.jpg', 'keda111');

-- ----------------------------
-- Table structure for driver_order_connection
-- ----------------------------
DROP TABLE IF EXISTS `driver_order_connection`;
CREATE TABLE `driver_order_connection`  (
  `id` int(11) NOT NULL AUTO_INCREMENT,
  `order_id` int(11) NOT NULL,
  `driver_id` int(11) NOT NULL,
  PRIMARY KEY (`id`) USING BTREE
) ENGINE = InnoDB AUTO_INCREMENT = 52 CHARACTER SET = utf8 COLLATE = utf8_general_ci ROW_FORMAT = Compact;

-- ----------------------------
-- Records of driver_order_connection
-- ----------------------------
INSERT INTO `driver_order_connection` VALUES (23, 12, 7);
INSERT INTO `driver_order_connection` VALUES (24, 11, 7);
INSERT INTO `driver_order_connection` VALUES (25, 14, 7);
INSERT INTO `driver_order_connection` VALUES (26, 13, 7);
INSERT INTO `driver_order_connection` VALUES (27, 15, 7);
INSERT INTO `driver_order_connection` VALUES (29, 16, 9);
INSERT INTO `driver_order_connection` VALUES (31, 18, 7);
INSERT INTO `driver_order_connection` VALUES (32, 21, 7);
INSERT INTO `driver_order_connection` VALUES (39, 28, 8);
INSERT INTO `driver_order_connection` VALUES (41, 27, 8);
INSERT INTO `driver_order_connection` VALUES (42, 26, 7);
INSERT INTO `driver_order_connection` VALUES (43, 17, 10);
INSERT INTO `driver_order_connection` VALUES (47, 35, 10);
INSERT INTO `driver_order_connection` VALUES (51, 34, 8);

-- ----------------------------
-- Table structure for order_info
-- ----------------------------
DROP TABLE IF EXISTS `order_info`;
CREATE TABLE `order_info`  (
  `order_id` int(11) NOT NULL AUTO_INCREMENT,
  `car_type` int(11) NOT NULL COMMENT '1：面包车，2：中面包车，3：小货车，4：中货车，5：大卡车',
  `item_img_path` varchar(255) CHARACTER SET utf8 COLLATE utf8_general_ci NOT NULL COMMENT '货物图片路径',
  `item_volume` varchar(255) CHARACTER SET utf8 COLLATE utf8_general_ci NOT NULL COMMENT '格式：长-宽-高(单位：m)',
  `order_time` varchar(255) CHARACTER SET utf8 COLLATE utf8_general_ci NOT NULL COMMENT '货运时间',
  `order_timeline` varchar(255) CHARACTER SET utf8 COLLATE utf8_general_ci NOT NULL COMMENT '货运期限',
  `item_count` int(10) NOT NULL COMMENT '货物数量',
  `order_start_position` varchar(255) CHARACTER SET utf8 COLLATE utf8_general_ci NOT NULL COMMENT '货运起点',
  `order_end_position` varchar(255) CHARACTER SET utf8 COLLATE utf8_general_ci NOT NULL COMMENT '货运终点',
  `linkman_name` varchar(255) CHARACTER SET utf8 COLLATE utf8_general_ci NOT NULL COMMENT '联系人姓名',
  `linkman_tel` varchar(255) CHARACTER SET utf8 COLLATE utf8_general_ci NOT NULL COMMENT '联系人电话',
  `item_desc` varchar(255) CHARACTER SET utf8 COLLATE utf8_general_ci NOT NULL COMMENT '货物说明',
  `price` decimal(10, 2) NOT NULL COMMENT '货物价格',
  `status` int(255) UNSIGNED ZEROFILL NOT NULL DEFAULT 000000000000000000000000000000000000000000000000000000000000000000000000000000000000000000000000000000000000000000000000000000000000000000000000000000000000000000000000000000000000000000000000000000000000000000000000000000000000000000000000000000000000000 COMMENT '订单的状态：0为未接,1为已接,2为已完成',
  PRIMARY KEY (`order_id`) USING BTREE
) ENGINE = InnoDB AUTO_INCREMENT = 37 CHARACTER SET = utf8 COLLATE = utf8_general_ci ROW_FORMAT = Compact;

-- ----------------------------
-- Records of order_info
-- ----------------------------
INSERT INTO `order_info` VALUES (11, 2, 'http://localhost:8091/trucks_order/imgs/getImg/20190517154428.jpg', '2*3*4', '20190520', '4', 3, '海南', '西安', '陈女士', '15209872243', '海鲜、易腐坏、低温储藏', 10000.00, 000000000000000000000000000000000000000000000000000000000000000000000000000000000000000000000000000000000000000000000000000000000000000000000000000000000000000000000000000000000000000000000000000000000000000000000000000000000000000000000000000000000000001);
INSERT INTO `order_info` VALUES (12, 3, 'http://localhost:8091/trucks_order/imgs/getImg/20190517154743.jpg', '10*10*10', '20150522', '5', 3, '三亚', '河南', '冯先生', '15209786645', '水果类、防晒、防潮', 2300.00, 000000000000000000000000000000000000000000000000000000000000000000000000000000000000000000000000000000000000000000000000000000000000000000000000000000000000000000000000000000000000000000000000000000000000000000000000000000000000000000000000000000000000001);
INSERT INTO `order_info` VALUES (13, 2, 'http://localhost:8091/trucks_order/imgs/getImg/20190518114244.jpg', '40*30*100', '20190625', '1', 1, '西安北大街', '西安钟楼', '董小姐', '13509151145', '冰箱、轻放', 50.00, 000000000000000000000000000000000000000000000000000000000000000000000000000000000000000000000000000000000000000000000000000000000000000000000000000000000000000000000000000000000000000000000000000000000000000000000000000000000000000000000000000000000000001);
INSERT INTO `order_info` VALUES (14, 2, 'http://localhost:8091/trucks_order/imgs/getImg/20190518120529.jpg', '8*8*5', '20190620', '2', 12, '海南', '西安', '刘先生', '15209781145', '水果，易霉变', 200.00, 000000000000000000000000000000000000000000000000000000000000000000000000000000000000000000000000000000000000000000000000000000000000000000000000000000000000000000000000000000000000000000000000000000000000000000000000000000000000000000000000000000000000001);
INSERT INTO `order_info` VALUES (15, 2, 'http://localhost:8091/trucks_order/imgs/getImg/20190518121314.jpg', '2*2*2', '20191020', '1', 12, '青岛', '西安', '朱女士', '15209781154', '海鲜、', 100.00, 000000000000000000000000000000000000000000000000000000000000000000000000000000000000000000000000000000000000000000000000000000000000000000000000000000000000000000000000000000000000000000000000000000000000000000000000000000000000000000000000000000000000001);
INSERT INTO `order_info` VALUES (16, 1, 'http://localhost:8091/trucks_order/imgs/getImg/20190518122125.jpg', '4*4*4', '20190503', '3', 100, '海南', '西藏', '薛女生', '12456782030', '海鲜、易腐败', 1000.00, 000000000000000000000000000000000000000000000000000000000000000000000000000000000000000000000000000000000000000000000000000000000000000000000000000000000000000000000000000000000000000000000000000000000000000000000000000000000000000000000000000000000000001);
INSERT INTO `order_info` VALUES (17, 2, 'http://localhost:8091/trucks_order/imgs/getImg/20190518153052.jpg', '5*5*5', '20190622', '5', 3, '西安', '重庆', '张女士', '18209232423', '海鲜、低温储藏', 200.00, 000000000000000000000000000000000000000000000000000000000000000000000000000000000000000000000000000000000000000000000000000000000000000000000000000000000000000000000000000000000000000000000000000000000000000000000000000000000000000000000000000000000000001);
INSERT INTO `order_info` VALUES (18, 1, 'http://localhost:8091/trucks_order/imgs/getImg/20190607105818.jpg', '3*4*5', '0512', '3', 12, '西安', '紫阳', '冯先生', '18729582060', '海鲜、低温储藏', 200.00, 000000000000000000000000000000000000000000000000000000000000000000000000000000000000000000000000000000000000000000000000000000000000000000000000000000000000000000000000000000000000000000000000000000000000000000000000000000000000000000000000000000000000001);
INSERT INTO `order_info` VALUES (21, 3, 'http://localhost:8091/trucks_order/imgs/getImg/20190607111009.jpg', '3*5*6', '0512', '3', 4, '艾洋', '西安', '刘女士', '13819869634', '水果', 12345.00, 000000000000000000000000000000000000000000000000000000000000000000000000000000000000000000000000000000000000000000000000000000000000000000000000000000000000000000000000000000000000000000000000000000000000000000000000000000000000000000000000000000000000001);
INSERT INTO `order_info` VALUES (22, 3, 'http://localhost:8091/trucks_order/imgs/getImg/20190607182305.jpg', '3*4*5', '0502', '3', 3, '西安', '紫阳', '刘先生', '1365678842', '水果、低温储藏', 345.00, 000000000000000000000000000000000000000000000000000000000000000000000000000000000000000000000000000000000000000000000000000000000000000000000000000000000000000000000000000000000000000000000000000000000000000000000000000000000000000000000000000000000000000);
INSERT INTO `order_info` VALUES (23, 2, 'http://localhost:8091/trucks_order/imgs/getImg/20190607183355.jpg', '2*3*4', '0602', '4', 2, '安康', '西安', '段女士', '12347666654', '海鲜、低温储藏', 234.00, 000000000000000000000000000000000000000000000000000000000000000000000000000000000000000000000000000000000000000000000000000000000000000000000000000000000000000000000000000000000000000000000000000000000000000000000000000000000000000000000000000000000000000);
INSERT INTO `order_info` VALUES (24, 1, 'http://localhost:8091/trucks_order/imgs/getImg/20190607184341.jpg', '2*3*5', '02', '1', 1, '西安', '安康', '刘先生', '打我的', '低温', 1213.00, 000000000000000000000000000000000000000000000000000000000000000000000000000000000000000000000000000000000000000000000000000000000000000000000000000000000000000000000000000000000000000000000000000000000000000000000000000000000000000000000000000000000000000);
INSERT INTO `order_info` VALUES (25, 2, 'http://localhost:8091/trucks_order/imgs/getImg/20190607185132.jpg', '3', '3456', '3', 3, '西安', '紫阳', '刘先生', '打我的a', 'AXA', 1324.00, 000000000000000000000000000000000000000000000000000000000000000000000000000000000000000000000000000000000000000000000000000000000000000000000000000000000000000000000000000000000000000000000000000000000000000000000000000000000000000000000000000000000000000);
INSERT INTO `order_info` VALUES (26, 3, 'http://localhost:8091/trucks_order/imgs/getImg/20190607190349.jpg', '3*4*5', '0502', '3', 3, '西安', '紫阳', '刘先生', '1365678842', '水果、低温储藏', 1234.00, 000000000000000000000000000000000000000000000000000000000000000000000000000000000000000000000000000000000000000000000000000000000000000000000000000000000000000000000000000000000000000000000000000000000000000000000000000000000000000000000000000000000000001);
INSERT INTO `order_info` VALUES (27, 3, 'http://localhost:8091/trucks_order/imgs/getImg/20190607190600.jpg', '3*4*5', '0502', '3', 3, '海南', '紫阳', '冯先生', '1365678842', '海鲜、低温储藏', 234.00, 000000000000000000000000000000000000000000000000000000000000000000000000000000000000000000000000000000000000000000000000000000000000000000000000000000000000000000000000000000000000000000000000000000000000000000000000000000000000000000000000000000000000001);
INSERT INTO `order_info` VALUES (28, 3, 'http://localhost:8091/trucks_order/imgs/getImg/20190607190639.jpg', '3*4*5', '0724', '3', 100, '北京', '紫阳', '韩先生', '1365678842', '家电、', 500.00, 000000000000000000000000000000000000000000000000000000000000000000000000000000000000000000000000000000000000000000000000000000000000000000000000000000000000000000000000000000000000000000000000000000000000000000000000000000000000000000000000000000000000001);
INSERT INTO `order_info` VALUES (30, 3, 'http://localhost:8091/trucks_order/imgs/getImg/20190607192207.jpg', '3*4*5', '0502', '3', 3, '西安', '紫阳', '刘先生', '1365678842', '水果、低温储藏', 1234.00, 000000000000000000000000000000000000000000000000000000000000000000000000000000000000000000000000000000000000000000000000000000000000000000000000000000000000000000000000000000000000000000000000000000000000000000000000000000000000000000000000000000000000000);
INSERT INTO `order_info` VALUES (31, 1, 'http://localhost:8091/trucks_order/imgs/getImg/20190607192653.jpg', '4*4*4', '0605', '2', 1, '海南', '紫阳', '冯先生', '13819869634', '海鲜、低温运输', 234.00, 000000000000000000000000000000000000000000000000000000000000000000000000000000000000000000000000000000000000000000000000000000000000000000000000000000000000000000000000000000000000000000000000000000000000000000000000000000000000000000000000000000000000000);
INSERT INTO `order_info` VALUES (32, 1, 'http://localhost:8091/trucks_order/imgs/getImg/20190607192653.jpg', '4*4*4', '0605', '2', 1, '海南', '紫阳', '冯先生', '13819869634', '海鲜、低温运输', 234.00, 000000000000000000000000000000000000000000000000000000000000000000000000000000000000000000000000000000000000000000000000000000000000000000000000000000000000000000000000000000000000000000000000000000000000000000000000000000000000000000000000000000000000000);
INSERT INTO `order_info` VALUES (33, 1, 'http://localhost:8091/trucks_order/imgs/getImg/20190607192653.jpg', '4*4*4', '0605', '2', 1, '海南', '紫阳', '冯先生', '13819869634', '海鲜、低温运输', 234.00, 000000000000000000000000000000000000000000000000000000000000000000000000000000000000000000000000000000000000000000000000000000000000000000000000000000000000000000000000000000000000000000000000000000000000000000000000000000000000000000000000000000000000000);
INSERT INTO `order_info` VALUES (34, 1, 'http://localhost:8091/trucks_order/imgs/getImg/20190607193854.jpg', '3*4*5', '0502', '3', 3, '西安', '紫阳', '刘先生', '1365678842', '水果、低温储藏', 1234.00, 000000000000000000000000000000000000000000000000000000000000000000000000000000000000000000000000000000000000000000000000000000000000000000000000000000000000000000000000000000000000000000000000000000000000000000000000000000000000000000000000000000000000001);
INSERT INTO `order_info` VALUES (35, 1, 'http://localhost:8091/trucks_order/imgs/getImg/20190607193854.jpg', '3*4*5', '0502', '3', 3, '西安', '紫阳', '刘先生', '1365678842', '水果、低温储藏', 1234.00, 000000000000000000000000000000000000000000000000000000000000000000000000000000000000000000000000000000000000000000000000000000000000000000000000000000000000000000000000000000000000000000000000000000000000000000000000000000000000000000000000000000000000001);
INSERT INTO `order_info` VALUES (36, 1, 'http://localhost:8091/trucks_order/imgs/getImg/20190607220157.jpg', '6*6*6', '0213', '6', 6, '北京', '四川', '韩女士', '18729783345', '海鲜', 500.00, 000000000000000000000000000000000000000000000000000000000000000000000000000000000000000000000000000000000000000000000000000000000000000000000000000000000000000000000000000000000000000000000000000000000000000000000000000000000000000000000000000000000000000);

-- ----------------------------
-- Table structure for user_info
-- ----------------------------
DROP TABLE IF EXISTS `user_info`;
CREATE TABLE `user_info`  (
  `user_id` int(11) NOT NULL AUTO_INCREMENT,
  `nickname` varchar(255) CHARACTER SET utf8 COLLATE utf8_general_ci NOT NULL,
  `email` varchar(255) CHARACTER SET utf8 COLLATE utf8_general_ci NOT NULL,
  `password` varchar(255) CHARACTER SET utf8 COLLATE utf8_general_ci NOT NULL,
  PRIMARY KEY (`user_id`) USING BTREE
) ENGINE = InnoDB AUTO_INCREMENT = 30 CHARACTER SET = utf8 COLLATE = utf8_general_ci ROW_FORMAT = Compact;

-- ----------------------------
-- Records of user_info
-- ----------------------------
INSERT INTO `user_info` VALUES (20, '小家', '274034520@qq.com', 'qaz123456');
INSERT INTO `user_info` VALUES (22, '朱柯宝', '714011021@qq.com', 'qaz123456');
INSERT INTO `user_info` VALUES (23, '冯浩', '275034250@qq.com', 'keda123456');
INSERT INTO `user_info` VALUES (24, '黄超', '234034510@qq.com', '123678');
INSERT INTO `user_info` VALUES (25, '浅唱', '234034530@qq.com', 'qaz123456');
INSERT INTO `user_info` VALUES (26, '张莹莹', '710011021@qq.com', 'keda666');
INSERT INTO `user_info` VALUES (27, '小家', '374034520@qq.com', 'qaz123456');
INSERT INTO `user_info` VALUES (28, '小家', '174011021@qq.com', 'qaz123456');

SET FOREIGN_KEY_CHECKS = 1;
